Workbook

Sheet Dashboard
A1: ELECTRONICS SALES & DELIVERY ANALYTICS DASHBOARD
A4: Total Orders =KPIs!B7 | D4: Total Sales =KPIs!B16 | G4: Avg Delivery Days =KPIs!B8 | J4: Unique Customers =KPIs!B4

Sheet Raw_Data
A1: Customer_ID | B1: First_Name | C1: Last_Name | D1: Age | E1: Gender | F1: City | G1: Email | H1: Address | I1: Order_ID | J1: Order_Date | K1: Order_Time | L1: Product_ID | M1: Price | N1: Quantity | O1: Coupon_Code | P1: Estimated_Days_to_Deliver | Q1: Delivery_Charge | R1: Delivery_Date | S1: Delivery_Time | T1: Days_to_Deliver | U1: Amount | V1: Discount_Percent | W1: Discounted_Amount | X1: Amount_with_Delivery_Charge | Y1: Full_Name | Z1: Delivery_Status | AA1: Order_Month | AB1: Product_Name
A2: C1008 | B2: Diya | C2: Sharma | D2: 37 | E2: Male | F2: Mumbai | G2: diya.sharma1@example.com | H2: 12 Park Road | I2: O00001 | J2: 45937 | K2: 11:32 | L2: P103 | M2: 2199 | N2: 1 | O2: FLAT20 | P2: 2 | Q2: 40 | R2: 45939 | S2: 18:01 | T2: =R2-J2 -> 2 | U2: =M2*N2 -> 2199 | V2: =IF(O2="FLAT5",5%,IF(O2="FLAT10",10%,IF(O2="FLAT15",15%,IF(O2="FLAT20",20%,0)))) -> 0.2 | W2: =U2*(1-V2) -> 1759.2 | X2: =W2+IF(O2="DEL0",0,Q2) -> 1799.2 | Y2: =B2&" "&C2 -> Diya Sharma | Z2: =IF(T2<P2,"BeforeTime",IF(T2=P2,"Intime","Late")) -> Intime | AA2: =TEXT(J2,"mmm") -> Oct | AB2: =xlookup(L2,Products!A:A,Products!B:B,"") -> #NAME?
A3: C1088 | B3: Sanjana | C3: Verma | D3: 54 | E3: Female | F3: Mumbai | G3: sanjana.verma2@example.com | H3: 36 Park Road | I3: O00002 | J3: 45661 | K3: 11:48 | L3: P108 | M3: 2499 | N3: 3 | O3: DEL0 | P3: 3 | Q3: 0 | R3: 45664 | S3: 14:06 | T3: =R3-J3 -> 3 | U3: =M3*N3 -> 7497 | V3: =IF(O3="FLAT5",5%,IF(O3="FLAT10",10%,IF(O3="FLAT15",15%,IF(O3="FLAT20",20%,0)))) -> 0 | W3: =U3*(1-V3) -> 7497 | X3: =W3+IF(O3="DEL0",0,Q3) -> 7497 | Y3: =B3&" "&C3 -> Sanjana Verma | Z3: =IF(T3<P3,"BeforeTime",IF(T3=P3,"Intime","Late")) -> Intime | AA3: =TEXT(J3,"mmm") -> Jan | AB3: =xlookup(L3,Products!A:A,Products!B:B,"") -> #NAME?
A4: C1021 | B4: Arjun | C4: Iyer | D4: 26 | E4: Female | F4: Delhi | G4: arjun.iyer3@example.com | H4: 71 Main Road | I4: O00003 | J4: 45893 | K4: 21:40 | L4: P110 | M4: 2799 | N4: 3 | O4: DEL0 | P4: 6 | Q4: 0 | R4: 45897 | S4: 18:56 | T4: =R4-J4 -> 4 | U4: =M4*N4 -> 8397 | V4: =IF(O4="FLAT5",5%,IF(O4="FLAT10",10%,IF(O4="FLAT15",15%,IF(O4="FLAT20",20%,0)))) -> 0 | W4: =U4*(1-V4) -> 8397 | X4: =W4+IF(O4="DEL0",0,Q4) -> 8397 | Y4: =B4&" "&C4 -> Arjun Iyer | Z4: =IF(T4<P4,"BeforeTime",IF(T4=P4,"Intime","Late")) -> BeforeTime | AA4: =TEXT(J4,"mmm") -> Aug | AB4: =xlookup(L4,Products!A:A,Products!B:B,"") -> #NAME?
A5: C1163 | B5: Priya | C5: Verma | D5: 24 | E5: Male | F5: Mumbai | G5: priya.verma4@example.com | H5: 47 Park Road | I5: O00004 | J5: 45709 | K5: 13:22 | L5: P105 | M5: 1299 | N5: 1 | O5: DEL0 | P5: 5 | Q5: 0 | R5: 45714 | S5: 12:42 | T5: =R5-J5 -> 5 | U5: =M5*N5 -> 1299 | V5: =IF(O5="FLAT5",5%,IF(O5="FLAT10",10%,IF(O5="FLAT15",15%,IF(O5="FLAT20",20%,0)))) -> 0 | W5: =U5*(1-V5) -> 1299 | X5: =W5+IF(O5="DEL0",0,Q5) -> 1299 | Y5: =B5&" "&C5 -> Priya Verma | Z5: =IF(T5<P5,"BeforeTime",IF(T5=P5,"Intime","Late")) -> Intime | AA5: =TEXT(J5,"mmm") -> Feb | AB5: =xlookup(L5,Products!A:A,Products!B:B,"") -> #NAME?
A6: C1084 | B6: Vikram | C6: Patel | D6: 58 | E6: Male | F6: Jaipur | G6: vikram.patel5@example.com | H6: 99 Lake Road | I6: O00005 | J6: 45852 | K6: 11:52 | L6: P112 | M6: 1199 | N6: 2 | O6: FLAT5 | P6: 4 | Q6: 120 | R6: 45858 | S6: 09:51 | T6: =R6-J6 -> 6 | U6: =M6*N6 -> 2398 | V6: =IF(O6="FLAT5",5%,IF(O6="FLAT10",10%,IF(O6="FLAT15",15%,IF(O6="FLAT20",20%,0)))) -> 0.05 | W6: =U6*(1-V6) -> 2278.1 | X6: =W6+IF(O6="DEL0",0,Q6) -> 2398.1 | Y6: =B6&" "&C6 -> Vikram Patel | Z6: =IF(T6<P6,"BeforeTime",IF(T6=P6,"Intime","Late")) -> Late | AA6: =TEXT(J6,"mmm") -> Jul | AB6: =xlookup(L6,Products!A:A,Products!B:B,"") -> #NAME?
A7: C1068 | B7: Rahul | C7: Iyer | D7: 37 | E7: Male | F7: Mumbai | G7: rahul.iyer6@example.com | H7: 18 Park Road | I7: O00006 | J7: 45913 | K7: 19:35 | L7: P110 | M7: 2799 | N7: 3 | O7: FLAT10 | P7: 5 | Q7: 50 | R7: 45922 | S7: 17:16 | T7: =R7-J7 -> 9 | U7: =M7*N7 -> 8397 | V7: =IF(O7="FLAT5",5%,IF(O7="FLAT10",10%,IF(O7="FLAT15",15%,IF(O7="FLAT20",20%,0)))) -> 0.1 | W7: =U7*(1-V7) -> 7557.3 | X7: =W7+IF(O7="DEL0",0,Q7) -> 7607.3 | Y7: =B7&" "&C7 -> Rahul Iyer | Z7: =IF(T7<P7,"BeforeTime",IF(T7=P7,"Intime","Late")) -> Late | AA7: =TEXT(J7,"mmm") -> Sep | AB7: =xlookup(L7,Products!A:A,Products!B:B,"") -> #NAME?
A8: C1041 | B8: Manoj | C8: Mishra | D8: 57 | E8: Female | F8: Delhi | G8: manoj.mishra7@example.com | H8: 88 MG Road | I8: O00007 | J8: 45704 | K8: 17:04 | L8: P104 | M8: 999 | N8: 2 | O8: FLAT15 | P8: 2 | Q8: 120 | R8: 45708 | S8: 15:24 | T8: =R8-J8 -> 4 | U8: =M8*N8 -> 1998 | V8: =IF(O8="FLAT5",5%,IF(O8="FLAT10",10%,IF(O8="FLAT15",15%,IF(O8="FLAT20",20%,0)))) -> 0.15 | W8: =U8*(1-V8) -> 1698.3 | X8: =W8+IF(O8="DEL0",0,Q8) -> 1818.3 | Y8: =B8&" "&C8 -> Manoj Mishra | Z8: =IF(T8<P8,"BeforeTime",IF(T8=P8,"Intime","Late")) -> Late | AA8: =TEXT(J8,"mmm") -> Feb | AB8: =xlookup(L8,Products!A:A,Products!B:B,"") -> #NAME?
A9: C1029 | B9: Keerthi | C9: Bhat | D9: 53 | E9: Female | F9: Jaipur | G9: keerthi.bhat8@example.com | H9: 38 MG Road | I9: O00008 | J9: 45932 | K9: 10:29 | L9: P101 | M9: 1499 | N9: 1 | O9: DEL0 | P9: 4 | Q9: 0 | R9: 45939 | S9: 09:46 | T9: =R9-J9 -> 7 | U9: =M9*N9 -> 1499 | V9: =IF(O9="FLAT5",5%,IF(O9="FLAT10",10%,IF(O9="FLAT15",15%,IF(O9="FLAT20",20%,0)))) -> 0 | W9: =U9*(1-V9) -> 1499 | X9: =W9+IF(O9="DEL0",0,Q9) -> 1499 | Y9: =B9&" "&C9 -> Keerthi Bhat | Z9: =IF(T9<P9,"BeforeTime",IF(T9=P9,"Intime","Late")) -> Late | AA9: =TEXT(J9,"mmm") -> Oct | AB9: =xlookup(L9,Products!A:A,Products!B:B,"") -> #NAME?
A10: C1083 | B10: Vikram | C10: Rao | D10: 52 | E10: Male | F10: Pune | G10: vikram.rao9@example.com | H10: 63 Lake Road | I10: O00009 | J10: 45740 | K10: 09:59 | L10: P111 | M10: 899 | N10: 2 | O10: FLAT5 | P10: 6 | Q10: 90 | R10: 45747 | S10: 14:56 | T10: =R10-J10 -> 7 | U10: =M10*N10 -> 1798 | V10: =IF(O10="FLAT5",5%,IF(O10="FLAT10",10%,IF(O10="FLAT15",15%,IF(O10="FLAT20",20%,0)))) -> 0.05 | W10: =U10*(1-V10) -> 1708.1 | X10: =W10+IF(O10="DEL0",0,Q10) -> 1798.1 | Y10: =B10&" "&C10 -> Vikram Rao | Z10: =IF(T10<P10,"BeforeTime",IF(T10=P10,"Intime","Late")) -> Late | AA10: =TEXT(J10,"mmm") -> Mar | AB10: =xlookup(L10,Products!A:A,Products!B:B,"") -> #NAME?
A11: C1169 | B11: Meera | C11: Nair | D11: 23 | E11: Male | F11: Kochi | G11: meera.nair10@example.com | H11: 61 Station Road | I11: O00010 | J11: 45693 | K11: 10:16 | L11: P102 | M11: 2999 | N11: 1 | O11: DEL0 | P11: 6 | Q11: 0 | R11: 45701 | S11: 17:55 | T11: =R11-J11 -> 8 | U11: =M11*N11 -> 2999 | V11: =IF(O11="FLAT5",5%,IF(O11="FLAT10",10%,IF(O11="FLAT15",15%,IF(O11="FLAT20",20%,0)))) -> 0 | W11: =U11*(1-V11) -> 2999 | X11: =W11+IF(O11="DEL0",0,Q11) -> 2999 | Y11: =B11&" "&C11 -> Meera Nair | Z11: =IF(T11<P11,"BeforeTime",IF(T11=P11,"Intime","Late")) -> Late | AA11: =TEXT(J11,"mmm") -> Feb | AB11: =xlookup(L11,Products!A:A,Products!B:B,"") -> #NAME?
A12: C1087 | B12: Keerthi | C12: Mishra | D12: 33 | E12: Male | F12: Pune | G12: keerthi.mishra11@example.com | H12: 3 Station Road | I12: O00011 | J12: 45922 | K12: 16:14 | L12: P107 | M12: 1799 | N12: 3 | O12: FLAT15 | P12: 5 | Q12: 40 | R12: 45924 | S12: 18:14 | T12: =R12-J12 -> 2 | U12: =M12*N12 -> 5397 | V12: =IF(O12="FLAT5",5%,IF(O12="FLAT10",10%,IF(O12="FLAT15",15%,IF(O12="FLAT20",20%,0)))) -> 0.15 | W12: =U12*(1-V12) -> 4587.45 | X12: =W12+IF(O12="DEL0",0,Q12) -> 4627.45 | Y12: =B12&" "&C12 -> Keerthi Mishra | Z12: =IF(T12<P12,"BeforeTime",IF(T12=P12,"Intime","Late")) -> BeforeTime | AA12: =TEXT(J12,"mmm") -> Sep | AB12: =xlookup(L12,Products!A:A,Products!B:B,"") -> #NAME?
A13: C1139 | B13: Aarav | C13: Patel | D13: 23 | E13: Male | F13: Bengaluru | G13: aarav.patel12@example.com | H13: 17 Station Road | I13: O00012 | J13: 45779 | K13: 17:30 | L13: P101 | M13: 1499 | N13: 3 | O13: FLAT5 | P13: 4 | Q13: 50 | R13: 45783 | S13: 12:50 | T13: =R13-J13 -> 4 | U13: =M13*N13 -> 4497 | V13: =IF(O13="FLAT5",5%,IF(O13="FLAT10",10%,IF(O13="FLAT15",15%,IF(O13="FLAT20",20%,0)))) -> 0.05 | W13: =U13*(1-V13) -> 4272.15 | X13: =W13+IF(O13="DEL0",0,Q13) -> 4322.15 | Y13: =B13&" "&C13 -> Aarav Patel | Z13: =IF(T13<P13,"BeforeTime",IF(T13=P13,"Intime","Late")) -> Intime | AA13: =TEXT(J13,"mmm") -> May | AB13: =xlookup(L13,Products!A:A,Products!B:B,"") -> #NAME?
... A601: C1042 | B601: Pooja | C601: Rao | D601: 49 | E601: Male | F601: Chennai | G601: pooja.rao600@example.com | H601: 23 MG Road | I601: O00600 | J601: 45750 | K601: 18:38 | L601: P104 | M601: 999 | N601: 4 | O601: NONE | P601: 7 | Q601: 60 | R601: 45757 | S601: 12:04 | T601: =R601-J601 -> 7 | U601: =M601*N601 -> 3996 | V601: =IF(O601="FLAT5",5%,IF(O601="FLAT10",10%,IF(O601="FLAT15",15%,IF(O601="FLAT20",20%,0)))) -> 0 | W601: =U601*(1-V601) -> 3996 | X601: =W601+IF(O601="DEL0",0,Q601) -> 4056 | Y601: =B601&" "&C601 -> Pooja Rao | Z601: =IF(T601<P601,"BeforeTime",IF(T601=P601,"Intime","Late")) -> Intime | AA601: =TEXT(J601,"mmm") -> Apr | AB601: =xlookup(L601,Products!A:A,Products!B:B,"") -> #NAME?

Sheet Products
A1: Product_ID | B1: Product_Name | C1: Price
A2: P101 | B2: Wireless Earbuds | C2: 1499
A3: P102 | B3: Smart Watch | C3: 2999
A4: P103 | B4: Bluetooth Speaker | C4: 2199
A5: P104 | B5: Power Bank | C5: 999
A6: P105 | B6: USB-C Hub | C6: 1299
A7: P106 | B7: Mechanical Keyboard | C7: 3499
A8: P107 | B8: Gaming Mouse | C8: 1799
A9: P108 | B9: Webcam | C9: 2499
A10: P109 | B10: Portable SSD | C10: 4999
A11: P110 | B11: Headphones | C11: 2799
A12: P111 | B12: Tablet Stand | C12: 899
A13: P112 | B13: Laptop Sleeve | C13: 1199

Sheet KPIs
A1: ELECTRONICS SALES & DELIVERY ANALYTICS
A4: Total Unique Customers | B4: =COUNTA(unique(Raw_Data!A2:A601)) -> 1
A5: Highest Order Amount | B5: =MAX(Raw_Data!X2:X601) -> 20056
A6: Average Customer Age | B6: =AVERAGE(Raw_Data!D2:D601) -> 39.463333
A7: Total Orders Placed | B7: =COUNTA(Raw_Data!I2:I601) -> 600
A8: Average Days to Deliver | B8: =AVERAGE(Raw_Data!T2:T601) -> 4.715
A9: Orders with 0 Delivery Charge | B9: =COUNTIF(Raw_Data!Q2:Q601,0) -> 129
A10: Total Unique Products | B10: =COUNTA(Products!A2:A13) -> 12
A11: Most Ordered Product | B11: =INDEX(Raw_Data!AB2:AB601,MODE(MATCH(Raw_Data!L2:L601,Raw_Data!L2:L601,0))) -> #NAME?
A12: Highest Product Sales | B12: =MAX(SUMIF(Raw_Data!AB2:AB601,Raw_Data!AB2:AB601,Raw_Data!X2:X601)) -> #NAME?
A13: Total Amount | B13: =SUM(Raw_Data!U2:U601) -> 3257382
A14: Total Discount | B14: =SUM(Raw_Data!U2:U601)-SUM(Raw_Data!W2:W601) -> 242437.35
A15: Amount after Discount | B15: =SUM(Raw_Data!W2:W601) -> 3014944.6
A16: Amount after Discount + Delivery | B16: =SUM(Raw_Data!X2:X601) -> 3049684.6

Sheet Top_Customers
A1: Customer | B1: Total Sales
A2: Keerthi Das | B2: 51415
A3: Ananya Patel | B3: 47791.3
A4: Pooja Mishra | B4: 38280.15
A5: Pooja Kumar | B5: 37976.95
A6: Ananya Nair | B6: 37206.5
A7: Aditya Patel | B7: 34902.65
A8: Ishaan Reddy | B8: 34529.3
A9: Aarav Mehta | B9: 30334.15
A10: Varun Sharma | B10: 27472.2
A11: Rahul Iyer | B11: 26394.75

Sheet Top_Products
A1: Product | B1: Order Quantity | C1: Percentage
A2: Tablet Stand | B2: 171 | C2: =B2/SUM($B$2:$B$8) -> 0.17775468
A3: Laptop Sleeve | B3: 156 | C3: =B3/SUM($B$2:$B$8) -> 0.16216216
A4: Gaming Mouse | B4: 142 | C4: =B4/SUM($B$2:$B$8) -> 0.14760915
A5: Wireless Earbuds | B5: 127 | C5: =B5/SUM($B$2:$B$8) -> 0.13201663
A6: Portable SSD | B6: 125 | C6: =B6/SUM($B$2:$B$8) -> 0.12993763
A7: USB-C Hub | B7: 123 | C7: =B7/SUM($B$2:$B$8) -> 0.12785863
A8: Mechanical Keyboard | B8: 118 | C8: =B8/SUM($B$2:$B$8) -> 0.12266112

Sheet City_Analysis
A1: City | B1: Total Orders | C1: Total Sales
A2: Hyderabad | B2: 63 | C2: 336371.7
A3: Bengaluru | B3: 57 | C3: 232043.2
A4: Chennai | B4: 57 | C4: 291767.05
A5: Mumbai | B5: 62 | C5: 332769.25
A6: Pune | B6: 53 | C6: 261747.7
A7: Delhi | B7: 65 | C7: 382306.55
A8: Kolkata | B8: 81 | C8: 414705.35
A9: Ahmedabad | B9: 58 | C9: 312744.1
A10: Jaipur | B10: 54 | C10: 278902.45
A11: Kochi | B11: 50 | C11: 206327.3

Sheet Coupon_Analysis
A1: Coupon | B1: Count
A2: FLAT5 | B2: 104
A3: FLAT10 | B3: 140
A4: FLAT15 | B4: 103
A5: FLAT20 | B5: 44
A6: DEL0 | B6: 129
A7: NONE | B7: 80

Sheet Month_Gender
A1: Month | B1: Male | C1: Female
A2: Jan | B2: 77459.5 | C2: 157537.95
A3: Feb | B3: 87350.25 | C3: 84223.2
A4: Mar | B4: 163900.6 | C4: 143532
A5: Apr | B5: 147244.5 | C5: 91057.95
A6: May | B6: 118338.3 | C6: 116585.5
A7: Jun | B7: 157606.95 | C7: 171955.6
A8: Jul | B8: 98021.8 | C8: 131203.3
A9: Aug | B9: 111125.2 | C9: 207032.6
A10: Sep | B10: 110286.65 | C10: 76170.3
A11: Oct | B11: 179731.45 | C11: 92068.6
A12: Nov | B12: 174108.2 | C12: 106427.6
A13: Dec | B13: 79139.85 | C13: 167576.8
